regime,explainer,availability_percent,aggregation,scope_note
Cross,RAISE,99.4,scenario-mean local availability,current paper
Cross,Anchors,47.5,scenario-mean local availability,current paper
Cross,SHAP,100,scenario-mean local availability,current paper
Cross,LIME,100,scenario-mean local availability,current paper
Cross,RAISE,99.4,pooled sample non-empty rate,extended support table
Cross,Anchors,45.7,pooled sample non-empty rate,extended support table
Cross,SHAP,100,pooled sample non-empty rate,extended support table
Cross,LIME,100,pooled sample non-empty rate,extended support table
Intra,RAISE,95,pooled sample non-empty rate,extended support table
Intra,Anchors,36.3,pooled sample non-empty rate,extended support table
Intra,SHAP,100,pooled sample non-empty rate,extended support table
Intra,LIME,100,pooled sample non-empty rate,extended support table