regime,explainer,k,cells,folds,comprehensiveness_mean,comprehensiveness_sd,sufficiency_mean,sufficiency_sd,keep_damage_mean,keep_damage_sd,remove_damage_mean,remove_damage_sd,remove_fix_mean,remove_fix_sd
Cross,RAISE,1,28,,0.062,0.088,0.428,0.227,0.185,0.138,0.033,0.083,0.034,0.083
Cross,RAISE,2,28,,0.092,0.165,0.364,0.234,0.145,0.144,0.03,0.078,0.071,0.185
Cross,RAISE,3,28,,0.093,0.178,0.364,0.278,0.164,0.222,0.029,0.079,0.067,0.197
Cross,RAISE,5,5,,0.187,0.256,0.083,0.101,0.012,0.026,0.035,0.079,0.111,0.161
Cross,Anchors,1,22,,0.294,0.267,0.248,0.317,0.148,0.249,0.142,0.25,0.204,0.282
Cross,Anchors,2,22,,0.342,0.274,0.24,0.362,0.148,0.276,0.178,0.268,0.221,0.29
Cross,Anchors,3,21,,0.387,0.293,0.221,0.373,0.131,0.275,0.201,0.282,0.257,0.319
Cross,Anchors,5,17,,0.428,0.341,0.215,0.385,0.118,0.221,0.165,0.234,0.296,0.377
Cross,Anchors,10,7,,0.485,0.344,0.149,0.412,0.0,0.0,0.136,0.232,0.478,0.436
Cross,SHAP,1,28,,0.124,0.176,0.508,0.204,0.268,0.11,0.054,0.1,0.082,0.124
Cross,SHAP,2,28,,0.124,0.176,0.508,0.204,0.268,0.11,0.054,0.1,0.082,0.124
Cross,SHAP,3,28,,0.124,0.176,0.508,0.204,0.268,0.11,0.054,0.1,0.082,0.124
Cross,SHAP,5,28,,0.125,0.179,0.51,0.204,0.268,0.11,0.055,0.102,0.083,0.125
Cross,SHAP,10,28,,0.125,0.179,0.51,0.204,0.268,0.11,0.055,0.102,0.083,0.125
Cross,LIME,1,28,,0.21,0.19,0.314,0.226,0.141,0.135,0.093,0.1,0.116,0.117
Cross,LIME,2,28,,0.264,0.193,0.265,0.235,0.148,0.155,0.119,0.098,0.159,0.133
Cross,LIME,3,28,,0.309,0.223,0.249,0.229,0.133,0.147,0.148,0.12,0.18,0.144
Cross,LIME,5,28,,0.33,0.185,0.237,0.215,0.122,0.13,0.155,0.104,0.185,0.125
Cross,LIME,10,25,,0.498,0.25,0.184,0.165,0.097,0.111,0.243,0.147,0.268,0.14
Intra,RAISE,1,28,234,0.482,0.115,0.487,0.087,0.168,0.095,0.075,0.086,0.412,0.135
Intra,RAISE,2,28,228,0.485,0.105,0.491,0.087,0.16,0.091,0.086,0.091,0.403,0.131
Intra,RAISE,3,28,226,0.482,0.102,0.476,0.09,0.14,0.088,0.093,0.091,0.391,0.129
Intra,RAISE,5,4,8,0.391,0.461,0.367,0.403,0.142,0.217,0.131,0.246,0.25,0.289
Intra,Anchors,1,9,12,0.606,0.179,0.607,0.262,0.196,0.345,0.017,0.038,0.547,0.244
Intra,Anchors,2,7,10,0.714,0.179,0.621,0.358,0.063,0.168,0.016,0.042,0.668,0.249
Intra,Anchors,3,6,9,0.682,0.14,0.565,0.35,0.119,0.292,0.024,0.058,0.645,0.217
Intra,Anchors,5,5,8,0.7,0.145,0.58,0.427,0.0,0.0,0.0,0.0,0.73,0.182
Intra,Anchors,10,4,5,0.713,0.207,0.723,0.479,0.0,0.0,0.0,0.0,0.844,0.237
Intra,SHAP,1,28,280,0.064,0.103,0.475,0.1,0.443,0.135,0.061,0.094,0.012,0.053
Intra,SHAP,2,28,280,0.064,0.103,0.475,0.1,0.443,0.135,0.061,0.094,0.012,0.053
Intra,SHAP,3,28,280,0.064,0.103,0.475,0.1,0.443,0.135,0.061,0.094,0.012,0.053
Intra,SHAP,5,28,280,0.064,0.103,0.476,0.1,0.444,0.135,0.061,0.095,0.012,0.053
Intra,SHAP,10,28,280,0.064,0.103,0.476,0.1,0.444,0.135,0.061,0.095,0.012,0.053
Intra,LIME,1,26,183,0.33,0.135,0.244,0.166,0.232,0.179,0.319,0.15,0.014,0.038
Intra,LIME,2,26,183,0.352,0.126,0.209,0.143,0.201,0.151,0.333,0.138,0.02,0.057
Intra,LIME,3,26,183,0.369,0.126,0.196,0.137,0.192,0.149,0.348,0.133,0.022,0.067
Intra,LIME,5,26,183,0.403,0.107,0.185,0.136,0.178,0.145,0.382,0.12,0.024,0.069
Intra,LIME,10,26,141,0.456,0.123,0.212,0.16,0.209,0.164,0.436,0.152,0.025,0.073
