scenario_id,model,target_dataset,primary_cross_benchmark,controlled_cross_intra_diagnostic
CROSS-01,BERT,AIT,yes,no
CROSS-02,BERT,BGL,yes,no
CROSS-03,BERT,Hades,yes,no
CROSS-04,BERT,Hadoop,yes,no
CROSS-05,BERT,HDFS,yes,no
CROSS-06,BERT,OpenStack,yes,no
CROSS-07,BERT,Thunderbird,yes,no
CROSS-08,RoBERTa,AIT,yes,no
CROSS-09,RoBERTa,BGL,yes,yes
CROSS-10,RoBERTa,Hades,yes,no
CROSS-11,RoBERTa,Hadoop,yes,no
CROSS-12,RoBERTa,HDFS,yes,yes
CROSS-13,RoBERTa,OpenStack,yes,no
CROSS-14,RoBERTa,Thunderbird,yes,yes
CROSS-15,LogAnBERT,AIT,yes,no
CROSS-16,LogAnBERT,BGL,yes,no
CROSS-17,LogAnBERT,Hades,yes,no
CROSS-18,LogAnBERT,Hadoop,yes,no
CROSS-19,LogAnBERT,HDFS,yes,no
CROSS-20,LogAnBERT,OpenStack,yes,no
CROSS-21,LogAnBERT,Thunderbird,yes,no
CROSS-22,LogBERTa,AIT,yes,no
CROSS-23,LogBERTa,BGL,yes,no
CROSS-24,LogBERTa,Hades,yes,no
CROSS-25,LogBERTa,Hadoop,yes,yes
CROSS-26,LogBERTa,HDFS,yes,no
CROSS-27,LogBERTa,OpenStack,yes,no
CROSS-28,LogBERTa,Thunderbird,yes,no
